<?xml version="1.0" encoding="UTF-8"?>
<project-private xmlns="http://www.netbeans.org/ns/project-private/1">
    <editor-bookmarks xmlns="http://www.netbeans.org/ns/editor-bookmarks/2" lastBookmarkId="0"/>
    <open-files xmlns="http://www.netbeans.org/ns/projectui-open-files/2">
        <group>
            <file>file:/Users/vannhat/Documents/Codevn_Jsp_Servlet/demo_codevn6/src/java/EditServlet.java</file>
            <file>file:/Users/vannhat/Documents/Codevn_Jsp_Servlet/demo_codevn6/src/java/SearchServlet.java</file>
            <file>file:/Users/vannhat/Documents/Codevn_Jsp_Servlet/demo_codevn6/src/java/Task.java</file>
            <file>file:/Users/vannhat/Documents/Codevn_Jsp_Servlet/demo_codevn6/src/java/TaskList.java</file>
            <file>file:/Users/vannhat/Documents/Codevn_Jsp_Servlet/demo_codevn6/web/edit.jsp</file>
            <file>file:/Users/vannhat/Documents/Codevn_Jsp_Servlet/demo_codevn6/src/java/TaskDAO.java</file>
            <file>file:/Users/vannhat/Documents/Codevn_Jsp_Servlet/demo_codevn6/web/task.jsp</file>
            <file>file:/Users/vannhat/Documents/Codevn_Jsp_Servlet/demo_codevn6/web/index.html</file>
            <file>file:/Users/vannhat/Documents/Codevn_Jsp_Servlet/demo_codevn6/src/java/DeleteServlet.java</file>
        </group>
    </open-files>
</project-private>
